{"cameraMode":{"drawMode":0,"name":"Shaded","section":"Shading Mode"},"sceneLighting":true,"audioPlay":false,"sceneViewState":{"m_AlwaysRefresh":false,"showFog":true,"showSkybox":true,"showFlares":true,"showImageEffects":true,"showParticleSystems":true,"showVisualEffectGraphs":true,"m_FxEnabled":true},"in2DMode":false,"pivot":{"x":-0.45379143953323367,"y":5.094934463500977,"z":-2.3636722564697267},"rotation":{"x":0.5678400993347168,"y":-0.006173323839902878,"z":0.004258808679878712,"w":0.823106050491333},"size":17.119184494018556,"orthographic":true}