{"cameraMode":{"drawMode":0,"name":"Shaded","section":"Shading Mode"},"sceneLighting":false,"audioPlay":false,"sceneViewState":{"m_AlwaysRefresh":false,"showFog":true,"showSkybox":false,"showFlares":true,"showImageEffects":true,"showParticleSystems":true,"showVisualEffectGraphs":true,"m_FxEnabled":true},"in2DMode":false,"pivot":{"x":0.8408312797546387,"y":1.3030169010162354,"z":-82.28146362304688},"rotation":{"x":0.006942626554518938,"y":-0.7127813696861267,"z":0.007054794579744339,"w":0.7013245820999146},"size":8.197330474853516,"orthographic":true}